image_id,attack_type,hybrid_psnr,hybrid_ssim,hybrid_nc,hybrid_ber,baseline_psnr,baseline_ssim,baseline_nc,baseline_ber
0002_00001,no_attack,41.144660391966966,0.995695859875679,0.9981110095977783,0.0,46.02059995510299,0.9985886710252762,0.9999998807907104,0.0
0002_00001,crop_10,41.144660391966966,0.995695859875679,0.9979568243026733,0.0,46.02059995510299,0.9985886710252762,0.9999998807907104,0.0
0002_00001,crop_25,41.144660391966966,0.995695859875679,0.9974073648452759,0.0,46.02059995510299,0.9985886710252762,-0.031071390211582183,0.03515625
0002_00001,crop_50,41.144660391966966,0.995695859875679,0.9952626705169678,0.0,46.02059995510299,0.9985886710252762,0.0,0.03515625
0002_00001,jpeg_50,41.144660391966966,0.995695859875679,0.2763279974460602,0.03515625,46.02059995510299,0.9985886710252762,0.3483298420906067,0.09765625
0002_00001,jpeg_70,41.144660391966966,0.995695859875679,0.3787035048007965,0.03125,46.02059995510299,0.9985886710252762,0.44408246874809265,0.064453125
0002_00001,noise_05,41.144660391966966,0.995695859875679,0.4578510522842407,0.1005859375,46.02059995510299,0.9985886710252762,0.30595454573631287,0.2080078125
0002_00001,blur_3,41.144660391966966,0.995695859875679,0.21940723061561584,0.0380859375,46.02059995510299,0.9985886710252762,0.27927324175834656,0.1259765625
0002_00001,collusion_2,41.144660391966966,0.995695859875679,0.5065476298332214,0.046875,46.02059995510299,0.9985886710252762,0.4516031742095947,0.1015625
0002_00001,collusion_5,41.144660391966966,0.995695859875679,0.2591763138771057,0.224609375,46.02059995510299,0.9985886710252762,0.18236443400382996,0.2900390625
0002_00001,collusion_10,41.144660391966966,0.995695859875679,0.16412746906280518,0.3046875,46.02059995510299,0.9985886710252762,0.1122971624135971,0.4033203125
0002_00001,collusion_20,41.144660391966966,0.995695859875679,0.08508599549531937,0.41796875,46.02059995510299,0.9985886710252762,0.10727804154157639,0.4306640625
0002_00001,collusion_50,41.144660391966966,0.995695859875679,0.09394340962171555,0.4501953125,46.02059995510299,0.9985886710252762,4.244944648235105e-05,0.470703125
0002_00001,collusion_100,41.144660391966966,0.995695859875679,0.06565754115581512,0.45703125,46.02059995510299,0.9985886710252762,0.024345550686120987,0.5146484375
0002_00002,no_attack,41.144660391966966,0.995695859875679,0.9981110095977783,0.0,46.02059995510299,0.9985886710252762,0.9999998807907104,0.0
0002_00002,crop_10,41.144660391966966,0.995695859875679,0.9981457591056824,0.0,46.02059995510299,0.9985886710252762,0.5999999284744263,0.0140625
0002_00002,crop_25,41.144660391966966,0.995695859875679,0.9979083776473999,0.0,46.02059995510299,0.9985886710252762,0.14015042781829834,0.031640625
0002_00002,crop_50,41.144660391966966,0.995695859875679,0.9962243795394897,0.0,46.02059995510299,0.9985886710252762,0.0,0.03515625
0002_00002,jpeg_50,41.144660391966966,0.995695859875679,0.2763279974460602,0.03515625,46.02059995510299,0.9985886710252762,0.3483298420906067,0.09765625
0002_00002,jpeg_70,41.144660391966966,0.995695859875679,0.3787035048007965,0.03125,46.02059995510299,0.9985886710252762,0.44408246874809265,0.064453125
0002_00002,noise_05,41.144660391966966,0.995695859875679,0.4476466178894043,0.0849609375,46.02059995510299,0.9985886710252762,0.2744985520839691,0.205078125
0002_00002,blur_3,41.144660391966966,0.995695859875679,0.21940723061561584,0.0380859375,46.02059995510299,0.9985886710252762,0.27927324175834656,0.1259765625
0002_00002,collusion_2,41.144660391966966,0.995695859875679,0.48437824845314026,0.05859375,46.02059995510299,0.9985886710252762,0.462393581867218,0.09765625
0002_00002,collusion_5,41.144660391966966,0.995695859875679,0.28689417243003845,0.2431640625,46.02059995510299,0.9985886710252762,0.2025693655014038,0.2783203125
0002_00002,collusion_10,41.144660391966966,0.995695859875679,0.16364483535289764,0.3330078125,46.02059995510299,0.9985886710252762,0.10868523269891739,0.3564453125
0002_00002,collusion_20,41.144660391966966,0.995695859875679,0.11274226009845734,0.4033203125,46.02059995510299,0.9985886710252762,0.05822502821683884,0.4384765625
0002_00002,collusion_50,41.144660391966966,0.995695859875679,0.056543927639722824,0.455078125,46.02059995510299,0.9985886710252762,0.010049655102193356,0.4619140625
0002_00002,collusion_100,41.144660391966966,0.995695859875679,0.023316537961363792,0.5029296875,46.02059995510299,0.9985886710252762,0.05480186268687248,0.484375
0003_00004,no_attack,41.17163525089883,0.9969933024625778,0.9982321262359619,0.0,46.02060105366498,0.9981141628732682,1.0,0.0
0003_00004,crop_10,41.17163525089883,0.9969933024625778,0.9981026887893677,0.0,46.02060105366498,0.9981141628732682,0.9344932198524475,0.0041015625
0003_00004,crop_25,41.17163525089883,0.9969933024625778,0.9973118543624878,0.0,46.02060105366498,0.9981141628732682,0.19702173471450807,0.031640625
0003_00004,crop_50,41.17163525089883,0.9969933024625778,0.9954003930091858,0.0,46.02060105366498,0.9981141628732682,0.0,0.03515625
0003_00004,jpeg_50,41.17163525089883,0.9969933024625778,0.3135271966457367,0.03125,46.02060105366498,0.9981141628732682,0.3974514603614807,0.0634765625
0003_00004,jpeg_70,41.17163525089883,0.9969933024625778,0.45748165249824524,0.025390625,46.02060105366498,0.9981141628732682,0.526135265827179,0.044921875
0003_00004,noise_05,41.17163525089883,0.9969933024625778,0.44429317116737366,0.08203125,46.02060105366498,0.9981141628732682,0.31588777899742126,0.224609375
0003_00004,blur_3,41.17163525089883,0.9969933024625778,0.21903617680072784,0.048828125,46.02060105366498,0.9981141628732682,0.36466094851493835,0.068359375
0003_00004,collusion_2,41.17163525089883,0.9969933024625778,0.47532200813293457,0.06640625,46.02060105366498,0.9981141628732682,0.43381479382514954,0.1044921875
0003_00004,collusion_5,41.17163525089883,0.9969933024625778,0.2739618122577667,0.2626953125,46.02060105366498,0.9981141628732682,0.17931261658668518,0.3056640625
0003_00004,collusion_10,41.17163525089883,0.9969933024625778,0.18330666422843933,0.337890625,46.02060105366498,0.9981141628732682,0.10485999286174774,0.357421875
0003_00004,collusion_20,41.17163525089883,0.9969933024625778,0.12529510259628296,0.396484375,46.02060105366498,0.9981141628732682,0.08655033260583878,0.3876953125
0003_00004,collusion_50,41.17163525089883,0.9969933024625778,0.06108957901597023,0.4521484375,46.02060105366498,0.9981141628732682,0.03822551295161247,0.4755859375
0003_00004,collusion_100,41.17163525089883,0.9969933024625778,0.03139385208487511,0.4677734375,46.02060105366498,0.9981141628732682,0.018758809193968773,0.498046875
0005_00008,no_attack,39.609466771537186,0.9969790410337448,0.9991940259933472,0.0,46.02060034391984,0.9989827867259979,1.0,0.0
0005_00008,crop_10,39.609466771537186,0.9969790410337448,0.9990279912948609,0.0,46.02060034391984,0.9989827867259979,1.0,0.0
0005_00008,crop_25,39.609466771537186,0.9969790410337448,0.99848792552948,0.0,46.02060034391984,0.9989827867259979,0.20818650722503662,0.0310546875
0005_00008,crop_50,39.609466771537186,0.9969790410337448,0.9970845103263855,0.0,46.02060034391984,0.9989827867259979,0.0,0.03515625
0005_00008,jpeg_50,39.609466771537186,0.9969790410337448,0.28035423159599304,0.0390625,46.02060034391984,0.9989827867259979,0.2405979037284851,0.1201171875
0005_00008,jpeg_70,39.609466771537186,0.9969790410337448,0.4531685411930084,0.021484375,46.02060034391984,0.9989827867259979,0.42102304100990295,0.0859375
0005_00008,noise_05,39.609466771537186,0.9969790410337448,0.5437660813331604,0.0478515625,46.02060034391984,0.9989827867259979,0.3136487603187561,0.2119140625
0005_00008,blur_3,39.609466771537186,0.9969790410337448,0.1255664825439453,0.0556640625,46.02060034391984,0.9989827867259979,0.15787136554718018,0.138671875
0005_00008,collusion_2,39.609466771537186,0.9969790410337448,0.48736119270324707,0.046875,46.02060034391984,0.9989827867259979,0.37786057591438293,0.1171875
0005_00008,collusion_5,39.609466771537186,0.9969790410337448,0.24725815653800964,0.236328125,46.02060034391984,0.9989827867259979,0.1993120163679123,0.2802734375
0005_00008,collusion_10,39.609466771537186,0.9969790410337448,0.18704085052013397,0.3115234375,46.02060034391984,0.9989827867259979,0.10656803101301193,0.3681640625
0005_00008,collusion_20,39.609466771537186,0.9969790410337448,0.10792399942874908,0.4208984375,46.02060034391984,0.9989827867259979,0.04844058305025101,0.423828125
0005_00008,collusion_50,39.609466771537186,0.9969790410337448,0.0456007719039917,0.439453125,46.02060034391984,0.9989827867259979,0.021638182923197746,0.462890625
0005_00008,collusion_100,39.609466771537186,0.9969790410337448,0.05264021083712578,0.46484375,46.02060034391984,0.9989827867259979,-0.0006590739940293133,0.453125
0009_00008,no_attack,42.0463762334359,0.9970712780799865,0.9981189966201782,0.0,46.02059543125229,0.9982516687784195,1.0,0.0
0009_00008,crop_10,42.0463762334359,0.9970712780799865,0.9976592183113098,0.0,46.02059543125229,0.9982516687784195,0.6,0.0140625
0009_00008,crop_25,42.0463762334359,0.9970712780799865,0.9966799020767212,0.0,46.02059543125229,0.9982516687784195,0.0,0.03515625
0009_00008,crop_50,42.0463762334359,0.9970712780799865,0.9925210833549499,0.0,46.02059543125229,0.9982516687784195,0.0,0.03515625
0009_00008,jpeg_50,42.0463762334359,0.9970712780799865,0.2682141959667206,0.0341796875,46.02059543125229,0.9982516687784195,0.3299545645713806,0.0703125
0009_00008,jpeg_70,42.0463762334359,0.9970712780799865,0.4276565909385681,0.03125,46.02059543125229,0.9982516687784195,0.47051388025283813,0.0478515625
0009_00008,noise_05,42.0463762334359,0.9970712780799865,0.429110586643219,0.111328125,46.02059543125229,0.9982516687784195,0.2823573350906372,0.2255859375
0009_00008,blur_3,42.0463762334359,0.9970712780799865,0.2541586458683014,0.0400390625,46.02059543125229,0.9982516687784195,0.2741527557373047,0.06640625
0009_00008,collusion_2,42.0463762334359,0.9970712780799865,0.49935251474380493,0.0537109375,46.02059543125229,0.9982516687784195,0.4957680404186249,0.1044921875
0009_00008,collusion_5,42.0463762334359,0.9970712780799865,0.19946438074111938,0.267578125,46.02059543125229,0.9982516687784195,0.22285203635692596,0.2763671875
0009_00008,collusion_10,42.0463762334359,0.9970712780799865,0.10583928972482681,0.3173828125,46.02059543125229,0.9982516687784195,0.13232775032520294,0.3974609375
0009_00008,collusion_20,42.0463762334359,0.9970712780799865,0.08943887054920197,0.39453125,46.02059543125229,0.9982516687784195,0.05578826740384102,0.435546875
0009_00008,collusion_50,42.0463762334359,0.9970712780799865,0.07390514016151428,0.4619140625,46.02059543125229,0.9982516687784195,-0.0029903012327849865,0.484375
0009_00008,collusion_100,42.0463762334359,0.9970712780799865,0.004173009656369686,0.4892578125,46.02059543125229,0.9982516687784195,0.01764005236327648,0.470703125
